{
  "donkeyKong": {
    "horizontalSpeed": 1,
    "rotateSpeed": 90,
    "difficulty": [
      {
        "floorHeight": 4,
        "floorWidth": 6,
        "propChances": [
          0,
          1,
          0,
          0,
          0,
          0,
          0,
          0,
          0
        ],
        "itemChance": 0
      },
      {
        "floorHeight": 6,
        "floorWidth": 6,
        "propChances": [
          0,
          0,
          1,
          0,
          0,
          0,
          0,
          0,
          0
        ],
        "itemChance": 0
      },
      {
        "floorHeight": 5,
        "floorWidth": 6,
        "propChances": [
          0,
          2,
          4,
          0,
          0,
          0,
          0,
          0,
          0
        ],
        "itemChance": 1
      },
      {
        "floorHeight": 8,
        "floorWidth": 4,
        "propChances": [
          0,
          4,
          2,
          0,
          0,
          1,
          0,
          0,
          0
        ],
        "itemChance": 0
      },
      {
        "floorHeight": 6,
        "floorWidth": 6,
        "propChances": [
          0,
          0,
          0,
          0,
          0,
          1,
          0,
          0,
          0
        ],
        "itemChance": 1
      },
      {
        "floorHeight": 6,
        "floorWidth": 4,
        "propChances": [
          0,
          0,
          4,
          1,
          0,
          0,
          0,
          0,
          0
        ],
        "itemChance": 0
      },
      {
        "floorHeight": 6,
        "floorWidth": 8,
        "propChances": [
          0,
          0,
          0,
          1,
          1,
          0,
          0,
          0,
          0
        ],
        "itemChance": 1
      },
      {
        "floorHeight": 8,
        "floorWidth": 8,
        "propChances": [
          0,
          0,
          0,
          1,
          2,
          0,
          0,
          0,
          4
        ],
        "itemChance": 1
      },
      {
        "floorHeight": 8,
        "floorWidth": 6,
        "propChances": [
          0,
          0,
          0,
          1,
          1,
          1,
          1,
          1,
          1
        ],
        "itemChance": 1
      },
      {
        "floorHeight": 8,
        "floorWidth": 6,
        "propChances": [
          0,
          1,
          1,
          1,
          1,
          1,
          1,
          1,
          1
        ],
        "itemChance": 1
      },
      {
        "floorHeight": 20,
        "floorWidth": 20,
        "propChances": [
          0,
          0,
          0,
          0,
          0,
          0,
          0,
          1,
          0
        ],
        "itemChance": 1
      }
    ]
  },
  "luigisMansion": {
    "luigiSpeed": 2,
    "torchSpeed": 120,
    "fallFloors": 1,
    "difficulty": [
      {
        "floorCount": 2,
        "minFloorWidth": 20,
        "maxFloorWidth": 40,
        "ghostCount": 0,
        "ghostSpeed": 0,
        "minCoinsPerFloor": 0,
        "maxCoinsPerFloor": 0
      },
      {
        "floorCount": 2,
        "minFloorWidth": 30,
        "maxFloorWidth": 50,
        "ghostCount": 1,
        "ghostSpeed": 1,
        "minCoinsPerFloor": 2,
        "maxCoinsPerFloor": 2
      },
      {
        "floorCount": 2,
        "minFloorWidth": 30,
        "maxFloorWidth": 50,
        "ghostCount": 1,
        "ghostSpeed": 2,
        "minCoinsPerFloor": 1,
        "maxCoinsPerFloor": 1
      },
      {
        "floorCount": 2,
        "minFloorWidth": 40,
        "maxFloorWidth": 60,
        "ghostCount": 2,
        "ghostSpeed": 2,
        "minCoinsPerFloor": 0,
        "maxCoinsPerFloor": 0
      },
      {
        "floorCount": 2,
        "minFloorWidth": 50,
        "maxFloorWidth": 70,
        "ghostCount": 3,
        "ghostSpeed": 2,
        "minCoinsPerFloor": 1,
        "maxCoinsPerFloor": 3
      },
      {
        "floorCount": 2,
        "minFloorWidth": 40,
        "maxFloorWidth": 70,
        "ghostCount": 4,
        "ghostSpeed": 1,
        "minCoinsPerFloor": 1,
        "maxCoinsPerFloor": 3
      },
      {
        "floorCount": 2,
        "minFloorWidth": 30,
        "maxFloorWidth": 80,
        "ghostCount": 5,
        "ghostSpeed": 1,
        "minCoinsPerFloor": 4,
        "maxCoinsPerFloor": 4
      },
      {
        "floorCount": 2,
        "minFloorWidth": 30,
        "maxFloorWidth": 80,
        "ghostCount": 5,
        "ghostSpeed": 2,
        "minCoinsPerFloor": 0,
        "maxCoinsPerFloor": 0
      },
      {
        "floorCount": 2,
        "minFloorWidth": 30,
        "maxFloorWidth": 80,
        "ghostCount": 6,
        "ghostSpeed": 2,
        "minCoinsPerFloor": 3,
        "maxCoinsPerFloor": 6
      },
      {
        "floorCount": 2,
        "minFloorWidth": 30,
        "maxFloorWidth": 80,
        "ghostCount": 20,
        "ghostSpeed": 1,
        "minCoinsPerFloor": 3,
        "maxCoinsPerFloor": 6
      }
    ]
  },
  "rayman": {
    "horizontalSpeed": 3,
    "jumpForce": 35,
    "flyForce": 2,
    "fallGravity": 8,
    "glideGravity": 0.5,
    "difficultyStepLength": 40,
    "difficulty": [
      {
        "minimumPassageHeight": 1,
        "maximumPassageHeight": 1,
        "stalagtiteChance": 0,
        "stalagmiteChance": 0.5,
        "itemChance": 0.5
      },
      {
        "minimumPassageHeight": 3,
        "maximumPassageHeight": 5,
        "stalagtiteChance": 0,
        "stalagmiteChance": 0.699999988,
        "itemChance": 0.5
      },
      {
        "minimumPassageHeight": 3,
        "maximumPassageHeight": 5,
        "stalagtiteChance": 0.5,
        "stalagmiteChance": 0.5,
        "itemChance": 0.699999988
      },
      {
        "minimumPassageHeight": 2,
        "maximumPassageHeight": 4,
        "stalagtiteChance": 0.699999988,
        "stalagmiteChance": 0.699999988,
        "itemChance": 1
      }
    ]
  },
  "shovelKnight": {
    "bounceForce": 15,
    "moveForce": 10,
    "difficultyStepHeight": 30,
    "difficulty": [
      {
        "minimumPlatformWidth": 5,
        "maximumPlatformWidth": 6,
        "movingChance": 0,
        "movingSpeed": 0,
        "blinkingChance": 0,
        "blinkingRate": 0,
        "itemChance": 0.200000003
      },
      {
        "minimumPlatformWidth": 5,
        "maximumPlatformWidth": 5,
        "movingChance": 0.100000001,
        "movingSpeed": 1,
        "blinkingChance": 0,
        "blinkingRate": 0,
        "itemChance": 0.200000003
      },
      {
        "minimumPlatformWidth": 4,
        "maximumPlatformWidth": 5,
        "movingChance": 0.200000003,
        "movingSpeed": 0.200000003,
        "blinkingChance": 0,
        "blinkingRate": 0,
        "itemChance": 0.300000012
      },
      {
        "minimumPlatformWidth": 3,
        "maximumPlatformWidth": 4,
        "movingChance": 0,
        "movingSpeed": 0,
        "blinkingChance": 0,
        "blinkingRate": 0,
        "itemChance": 0.300000012
      },
      {
        "minimumPlatformWidth": 3,
        "maximumPlatformWidth": 4,
        "movingChance": 1,
        "movingSpeed": 1,
        "blinkingChance": 0,
        "blinkingRate": 0,
        "itemChance": 0.300000012
      },
      {
        "minimumPlatformWidth": 2,
        "maximumPlatformWidth": 3,
        "movingChance": 0.300000012,
        "movingSpeed": 2,
        "blinkingChance": 0,
        "blinkingRate": 0,
        "itemChance": 0.400000006
      },
      {
        "minimumPlatformWidth": 4,
        "maximumPlatformWidth": 4,
        "movingChance": 0,
        "movingSpeed": 0,
        "blinkingChance": 0.699999988,
        "blinkingRate": 3,
        "itemChance": 0.5
      },
      {
        "minimumPlatformWidth": 3,
        "maximumPlatformWidth": 3,
        "movingChance": 0.5,
        "movingSpeed": 0,
        "blinkingChance": 0.300000012,
        "blinkingRate": 3,
        "itemChance": 0.5
      }
    ]
  },
  "sonic": {
    "walkSpeed": 2,
    "invicibleWalkSpeed": 4,
    "verticalStep": 0.0500000007,
    "difficultyStepLength": 10,
    "difficulty": [
      {
        "checkpointDistance": 10,
        "carSpeed": {
          "RandomValue": 2.75886607,
          "min": 2,
          "max": 3
        },
        "carSpacing": {
          "RandomValue": 11.1166401,
          "min": 8,
          "max": 20
        },
        "minGapDuration": 3,
        "reverseChance": 0,
        "itemChance": 0
      },
      {
        "checkpointDistance": 10,
        "carSpeed": {
          "RandomValue": 3.35410857,
          "min": 3,
          "max": 4
        },
        "carSpacing": {
          "RandomValue": 17.6413059,
          "min": 7,
          "max": 19
        },
        "minGapDuration": 3,
        "reverseChance": 0.100000001,
        "itemChance": 0.5
      },
      {
        "checkpointDistance": 10,
        "carSpeed": {
          "RandomValue": 4.26911783,
          "min": 4,
          "max": 5
        },
        "carSpacing": {
          "RandomValue": 17.1156712,
          "min": 6,
          "max": 18
        },
        "minGapDuration": 3,
        "reverseChance": 0.200000003,
        "itemChance": 0
      },
      {
        "checkpointDistance": 10,
        "carSpeed": {
          "RandomValue": 5.0240674,
          "min": 5,
          "max": 6
        },
        "carSpacing": {
          "RandomValue": 7.34599781,
          "min": 6,
          "max": 16
        },
        "minGapDuration": 2.5,
        "reverseChance": 0.300000012,
        "itemChance": 0.5
      },
      {
        "checkpointDistance": 10,
        "carSpeed": {
          "RandomValue": 6.91296816,
          "min": 6,
          "max": 7
        },
        "carSpacing": {
          "RandomValue": 13.6048689,
          "min": 6,
          "max": 14
        },
        "minGapDuration": 2.5,
        "reverseChance": 0.400000006,
        "itemChance": 0.300000012
      },
      {
        "checkpointDistance": 10,
        "carSpeed": {
          "RandomValue": 7.52144623,
          "min": 7,
          "max": 8
        },
        "carSpacing": {
          "RandomValue": 10.7980146,
          "min": 6,
          "max": 12
        },
        "minGapDuration": 2,
        "reverseChance": 0.5,
        "itemChance": 0.300000012
      },
      {
        "checkpointDistance": 10,
        "carSpeed": {
          "RandomValue": 8.82117271,
          "min": 8,
          "max": 9
        },
        "carSpacing": {
          "RandomValue": 9.98356247,
          "min": 6,
          "max": 10
        },
        "minGapDuration": 2,
        "reverseChance": 0.5,
        "itemChance": 0
      },
      {
        "checkpointDistance": 10,
        "carSpeed": {
          "RandomValue": 9.10492706,
          "min": 9,
          "max": 10
        },
        "carSpacing": {
          "RandomValue": 6.74929905,
          "min": 5,
          "max": 9
        },
        "minGapDuration": 2,
        "reverseChance": 0.5,
        "itemChance": 1
      }
    ]
  }
}